{
    "rmse": 0.7587903174439956,
    "mae": 0.6361387579716749,
    "r2": 0.021913018220139913
}