{
    "rmse": 0.7518935787195312,
    "mae": 0.6254638931020935,
    "r2": 0.03961212261494751
}