{
    "rmse": 0.7574772073557717,
    "mae": 0.634437504385216,
    "r2": 0.03282298437446862
}